{
	"credit": "Model created by Zorak Design - Contact me on discord for work: CesarZorak#0808",
	"parent": "cesarzorak:block/block_pro",
	"elements": [
		{
			"name": "block",
			"from": [0, 0, 0],
			"to": [16, 16, 16],
			"rotation": {"angle": 0, "axis": "y", "origin": [8, 8, 8]},
			"faces": {
				"north": {"uv": [0, 0, 16, 16], "texture": "#0", "cullface": "north"},
				"east": {"uv": [0, 0, 16, 16], "texture": "#0", "cullface": "east"},
				"south": {"uv": [0, 0, 16, 16], "texture": "#0", "cullface": "south"},
				"west": {"uv": [0, 0, 16, 16], "texture": "#0", "cullface": "west"},
				"up": {"uv": [0, 0, 16, 16], "texture": "#1", "cullface": "up"},
				"down": {"uv": [0, 0, 16, 16], "texture": "#1", "cullface": "down"}
			}
		},
		{
			"name": "t_0",
			"from": [5.85, 15.85, 8.85],
			"to": [12.15, 19.15, 15.15],
			"rotation": {"angle": 22.5, "axis": "y", "origin": [8, 8, 8]},
			"faces": {
				"north": {"uv": [6, 7, 0, 10], "texture": "#2", "cullface": "up"},
				"east": {"uv": [0, 7, 6, 10], "texture": "#2", "cullface": "up"},
				"south": {"uv": [6, 7, 0, 10], "texture": "#2", "cullface": "up"},
				"west": {"uv": [0, 7, 6, 10], "texture": "#2", "cullface": "up"},
				"up": {"uv": [0, 0, 6, 6], "rotation": 270, "texture": "#2", "cullface": "up"}
			}
		},
		{
			"name": "t_1",
			"from": [6, 15, 4],
			"to": [11, 21, 9],
			"rotation": {"angle": 22.5, "axis": "z", "origin": [8, 8, 8]},
			"faces": {
				"north": {"uv": [7, 6, 12, 12], "texture": "#2", "cullface": "up"},
				"east": {"uv": [12, 6, 7, 12], "texture": "#2", "cullface": "up"},
				"south": {"uv": [12, 6, 7, 12], "texture": "#2", "cullface": "up"},
				"west": {"uv": [12, 6, 7, 12], "texture": "#2", "cullface": "up"},
				"up": {"uv": [7, 0, 12, 5], "texture": "#2", "cullface": "up"}
			}
		},
		{
			"name": "t_2",
			"from": [10, 16, 6],
			"to": [14, 19, 10],
			"rotation": {"angle": -22.5, "axis": "x", "origin": [8, 8, 8]},
			"faces": {
				"north": {"uv": [12, 13, 16, 16], "texture": "#2", "cullface": "up"},
				"east": {"uv": [16, 13, 12, 16], "texture": "#2", "cullface": "up"},
				"south": {"uv": [12, 13, 16, 16], "texture": "#2", "cullface": "up"},
				"west": {"uv": [16, 13, 12, 16], "texture": "#2", "cullface": "up"},
				"up": {"uv": [12, 8, 16, 12], "texture": "#2", "cullface": "up"}
			}
		},
		{
			"name": "d_0",
			"from": [8.85, -6.15, 4.85],
			"to": [14.15, 0.15, 10.15],
			"rotation": {"angle": -45, "axis": "y", "origin": [8, 8, 8]},
			"faces": {
				"north": {"uv": [7, 12, 12, 6], "texture": "#2", "cullface": "down"},
				"east": {"uv": [12, 12, 7, 6], "texture": "#2", "cullface": "down"},
				"south": {"uv": [7, 12, 12, 6], "texture": "#2", "cullface": "down"},
				"west": {"uv": [12, 12, 7, 6], "texture": "#2", "cullface": "down"},
				"down": {"uv": [7, 0, 12, 5], "rotation": 90, "texture": "#2", "cullface": "down"}
			}
		},
		{
			"name": "d_1",
			"from": [6, -3, 3],
			"to": [9, 0, 6],
			"rotation": {"angle": 22.5, "axis": "z", "origin": [8, 8, 8]},
			"faces": {
				"north": {"uv": [13, 7, 16, 4], "texture": "#2", "cullface": "down"},
				"east": {"uv": [13, 7, 16, 4], "texture": "#2", "cullface": "down"},
				"south": {"uv": [16, 7, 13, 4], "texture": "#2", "cullface": "down"},
				"west": {"uv": [13, 7, 16, 4], "texture": "#2", "cullface": "down"},
				"down": {"uv": [13, 0, 16, 3], "rotation": 270, "texture": "#2", "cullface": "down"}
			}
		},
		{
			"name": "d_2",
			"from": [2, -4, 6],
			"to": [8, 1, 12],
			"rotation": {"angle": 22.5, "axis": "x", "origin": [8, 8, 8]},
			"faces": {
				"north": {"uv": [6, 12, 0, 7], "texture": "#2", "cullface": "down"},
				"east": {"uv": [6, 12, 0, 7], "texture": "#2", "cullface": "down"},
				"south": {"uv": [0, 12, 6, 7], "texture": "#2", "cullface": "down"},
				"west": {"uv": [0, 12, 6, 7], "texture": "#2", "cullface": "down"},
				"down": {"uv": [0, 0, 6, 6], "texture": "#2", "cullface": "down"}
			}
		},
		{
			"name": "d_3",
			"from": [5.85, -3.15, 9.85],
			"to": [10.15, 0.15, 14.15],
			"rotation": {"angle": -22.5, "axis": "z", "origin": [8, 8, 8]},
			"faces": {
				"north": {"uv": [12, 16, 16, 13], "texture": "#2", "cullface": "down"},
				"east": {"uv": [12, 16, 16, 13], "texture": "#2", "cullface": "down"},
				"south": {"uv": [12, 16, 16, 13], "texture": "#2", "cullface": "down"},
				"west": {"uv": [16, 16, 12, 13], "texture": "#2", "cullface": "down"},
				"down": {"uv": [12, 8, 16, 12], "rotation": 270, "texture": "#2", "cullface": "down"}
			}
		},
		{
			"name": "s_0",
			"from": [8, -1, 12],
			"to": [13, 4, 18],
			"rotation": {"angle": -22.5, "axis": "x", "origin": [8, 8, 8]},
			"faces": {
				"east": {"uv": [7, 12, 12, 6], "rotation": 90, "texture": "#2", "cullface": "south"},
				"south": {"uv": [7, 0, 12, 5], "rotation": 90, "texture": "#2", "cullface": "south"},
				"west": {"uv": [7, 6, 12, 12], "rotation": 90, "texture": "#2", "cullface": "south"},
				"up": {"uv": [12, 6, 7, 12], "rotation": 180, "texture": "#2", "cullface": "south"},
				"down": {"uv": [7, 12, 12, 6], "rotation": 180, "texture": "#2", "cullface": "south"}
			}
		},
		{
			"name": "s_1",
			"from": [2, -1, 10],
			"to": [8, 5, 16],
			"rotation": {"angle": -45, "axis": "x", "origin": [8, 8, 8]},
			"faces": {
				"east": {"uv": [0, 13, 6, 7], "rotation": 90, "texture": "#2", "cullface": "south"},
				"south": {"uv": [0, 0, 6, 6], "texture": "#2", "cullface": "south"},
				"west": {"uv": [0, 7, 6, 13], "rotation": 90, "texture": "#2", "cullface": "south"},
				"up": {"uv": [6, 7, 0, 13], "rotation": 180, "texture": "#2", "cullface": "south"},
				"down": {"uv": [6, 13, 0, 7], "rotation": 180, "texture": "#2", "cullface": "south"}
			}
		},
		{
			"name": "s_2",
			"from": [7.85, 10.85, 15.85],
			"to": [11.15, 14.15, 18.15],
			"rotation": {"angle": -22.5, "axis": "z", "origin": [8, 8, 8]},
			"faces": {
				"east": {"uv": [16, 6, 13, 4], "rotation": 90, "texture": "#2", "cullface": "south"},
				"south": {"uv": [13, 0, 16, 3], "texture": "#2", "cullface": "south"},
				"west": {"uv": [16, 4, 13, 6], "rotation": 90, "texture": "#2", "cullface": "south"},
				"up": {"uv": [13, 4, 16, 6], "rotation": 180, "texture": "#2", "cullface": "south"},
				"down": {"uv": [13, 6, 16, 4], "rotation": 180, "texture": "#2", "cullface": "south"}
			}
		},
		{
			"name": "n_0",
			"from": [8, -1, 0],
			"to": [13, 4, 6],
			"rotation": {"angle": 45, "axis": "x", "origin": [8, 8, 8]},
			"faces": {
				"north": {"uv": [7, 0, 12, 5], "texture": "#2", "cullface": "north"},
				"east": {"uv": [7, 6, 12, 12], "rotation": 90, "texture": "#2", "cullface": "north"},
				"west": {"uv": [7, 12, 12, 6], "rotation": 90, "texture": "#2", "cullface": "north"},
				"up": {"uv": [12, 12, 7, 6], "rotation": 180, "texture": "#2", "cullface": "north"},
				"down": {"uv": [7, 6, 12, 12], "rotation": 180, "texture": "#2", "cullface": "north"}
			}
		},
		{
			"name": "n_1",
			"from": [2, 5, -2],
			"to": [6, 9, 1],
			"rotation": {"angle": 22.5, "axis": "x", "origin": [8, 8, 8]},
			"faces": {
				"north": {"uv": [12, 8, 16, 12], "texture": "#2", "cullface": "north"},
				"east": {"uv": [12, 13, 16, 16], "rotation": 90, "texture": "#2", "cullface": "north"},
				"west": {"uv": [12, 16, 16, 13], "rotation": 90, "texture": "#2", "cullface": "north"},
				"up": {"uv": [16, 16, 12, 13], "rotation": 180, "texture": "#2", "cullface": "north"},
				"down": {"uv": [12, 13, 16, 16], "rotation": 180, "texture": "#2", "cullface": "north"}
			}
		},
		{
			"name": "n_2",
			"from": [6.85, 1.85, -3.15],
			"to": [10.15, 5.15, 0.15],
			"rotation": {"angle": -45, "axis": "z", "origin": [8, 8, 8]},
			"faces": {
				"north": {"uv": [13, 0, 16, 3], "rotation": 90, "texture": "#2", "cullface": "north"},
				"east": {"uv": [13, 4, 16, 7], "rotation": 90, "texture": "#2", "cullface": "north"},
				"west": {"uv": [16, 7, 13, 4], "rotation": 90, "texture": "#2", "cullface": "north"},
				"up": {"uv": [13, 7, 16, 4], "rotation": 180, "texture": "#2", "cullface": "north"},
				"down": {"uv": [16, 4, 13, 7], "rotation": 180, "texture": "#2", "cullface": "north"}
			}
		},
		{
			"name": "e_0",
			"from": [15, 3, 4],
			"to": [20, 9, 10],
			"rotation": {"angle": -22.5, "axis": "y", "origin": [8, 8, 8]},
			"faces": {
				"north": {"uv": [6, 12, 0, 7], "rotation": 90, "texture": "#2", "cullface": "east"},
				"east": {"uv": [0, 0, 6, 6], "texture": "#2", "cullface": "east"},
				"south": {"uv": [6, 7, 0, 12], "rotation": 90, "texture": "#2", "cullface": "east"},
				"up": {"uv": [6, 12, 0, 7], "rotation": 270, "texture": "#2", "cullface": "east"},
				"down": {"uv": [6, 12, 0, 7], "rotation": 270, "texture": "#2", "cullface": "east"}
			}
		},
		{
			"name": "e_1",
			"from": [11, 0, 2],
			"to": [17, 5, 7],
			"rotation": {"angle": 45, "axis": "z", "origin": [8, 8, 8]},
			"faces": {
				"north": {"uv": [7, 12, 12, 6], "rotation": 90, "texture": "#2", "cullface": "east"},
				"east": {"uv": [7, 0, 12, 5], "texture": "#2", "cullface": "east"},
				"south": {"uv": [7, 6, 12, 12], "rotation": 90, "texture": "#2", "cullface": "east"},
				"up": {"uv": [7, 12, 12, 6], "rotation": 270, "texture": "#2", "cullface": "east"},
				"down": {"uv": [12, 12, 7, 6], "rotation": 270, "texture": "#2", "cullface": "east"}
			}
		},
		{
			"name": "e_2",
			"from": [15.85, 10.85, 6.85],
			"to": [19.15, 15.15, 11.15],
			"rotation": {"angle": 22.5, "axis": "x", "origin": [8, 8, 8]},
			"faces": {
				"north": {"uv": [16, 16, 12, 13], "rotation": 90, "texture": "#2", "cullface": "east"},
				"east": {"uv": [12, 8, 16, 12], "rotation": 90, "texture": "#2", "cullface": "east"},
				"south": {"uv": [16, 13, 12, 16], "rotation": 90, "texture": "#2", "cullface": "east"},
				"up": {"uv": [12, 16, 16, 13], "rotation": 270, "texture": "#2", "cullface": "east"},
				"down": {"uv": [16, 16, 12, 13], "rotation": 270, "texture": "#2", "cullface": "east"}
			}
		},
		{
			"name": "w_0",
			"from": [-4, 8, 2],
			"to": [0, 13, 7],
			"rotation": {"angle": 22.5, "axis": "x", "origin": [8, 8, 8]},
			"faces": {
				"north": {"uv": [12, 6, 7, 10], "rotation": 90, "texture": "#2", "cullface": "west"},
				"south": {"uv": [12, 10, 7, 6], "rotation": 90, "texture": "#2", "cullface": "west"},
				"west": {"uv": [7, 0, 12, 5], "texture": "#2", "cullface": "west"},
				"up": {"uv": [7, 6, 12, 10], "rotation": 270, "texture": "#2", "cullface": "west"},
				"down": {"uv": [7, 6, 12, 10], "rotation": 270, "texture": "#2", "cullface": "west"}
			}
		},
		{
			"name": "w_1",
			"from": [-1, 0, 8],
			"to": [3, 6, 14],
			"rotation": {"angle": -22.5, "axis": "z", "origin": [8, 8, 8]},
			"faces": {
				"north": {"uv": [0, 7, 6, 11], "rotation": 90, "texture": "#2", "cullface": "west"},
				"south": {"uv": [0, 11, 6, 7], "rotation": 90, "texture": "#2", "cullface": "west"},
				"west": {"uv": [6, 0, 0, 6], "texture": "#2", "cullface": "west"},
				"up": {"uv": [6, 7, 0, 11], "rotation": 270, "texture": "#2", "cullface": "west"},
				"down": {"uv": [6, 7, 0, 11], "rotation": 270, "texture": "#2", "cullface": "west"}
			}
		},
		{
			"name": "w_2",
			"from": [-2, 7, 1],
			"to": [0, 11, 5],
			"rotation": {"angle": -45, "axis": "x", "origin": [8, 8, 8]},
			"faces": {
				"north": {"uv": [12, 13, 16, 15], "rotation": 90, "texture": "#2", "cullface": "west"},
				"south": {"uv": [16, 15, 12, 13], "rotation": 90, "texture": "#2", "cullface": "west"},
				"west": {"uv": [12, 8, 16, 12], "rotation": 270, "texture": "#2", "cullface": "west"},
				"up": {"uv": [16, 13, 12, 15], "rotation": 270, "texture": "#2", "cullface": "west"},
				"down": {"uv": [16, 13, 12, 15], "rotation": 270, "texture": "#2", "cullface": "west"}
			}
		}
	],
	"display": {},
	"groups": [
		{
			"name": "stone",
			"origin": [8, 8, 8],
			"color": 0,
			"children": [
				0,
				{
					"name": "ore",
					"origin": [8, 8, 8],
					"color": 0,
					"children": [1, 2, 3, 4, 5, 6, 7, 8, 9, 10, 11, 12, 13, 14, 15, 16, 17, 18, 19]
				}
			]
		}
	]
}