{
    "variants": {
        "": [
			{ "model": "techreborn:block/leaves/rubber_leaves_0a", "weight":5 },
			{ "model": "techreborn:block/leaves/rubber_leaves_0b" },
			{ "model": "techreborn:block/leaves/rubber_leaves_0c" },
			{ "model": "techreborn:block/leaves/rubber_leaves_0d" },
			{ "model": "techreborn:block/leaves/rubber_leaves_1a", "weight":5 },
			{ "model": "techreborn:block/leaves/rubber_leaves_1b" },
			{ "model": "techreborn:block/leaves/rubber_leaves_1c" },
			{ "model": "techreborn:block/leaves/rubber_leaves_1d" },
			{ "model": "techreborn:block/leaves/rubber_leaves_0a", "weight":5, "y": 90 },
			{ "model": "techreborn:block/leaves/rubber_leaves_0b", "y": 90 },
			{ "model": "techreborn:block/leaves/rubber_leaves_0c", "y": 90 },
			{ "model": "techreborn:block/leaves/rubber_leaves_0d", "y": 90 },
			{ "model": "techreborn:block/leaves/rubber_leaves_1a", "weight":5, "y": 90 },
			{ "model": "techreborn:block/leaves/rubber_leaves_1b", "y": 90 },
			{ "model": "techreborn:block/leaves/rubber_leaves_1c", "y": 90 },
			{ "model": "techreborn:block/leaves/rubber_leaves_1d", "y": 90 },
			{ "model": "techreborn:block/leaves/rubber_leaves_0a", "weight":5, "y": 180 },
			{ "model": "techreborn:block/leaves/rubber_leaves_0b", "y": 180 },
			{ "model": "techreborn:block/leaves/rubber_leaves_0c", "y": 180 },
			{ "model": "techreborn:block/leaves/rubber_leaves_0d", "y": 180 },
			{ "model": "techreborn:block/leaves/rubber_leaves_1a", "weight":5, "y": 180 },
			{ "model": "techreborn:block/leaves/rubber_leaves_1b", "y": 180 },
			{ "model": "techreborn:block/leaves/rubber_leaves_1c", "y": 180 },
			{ "model": "techreborn:block/leaves/rubber_leaves_1d", "y": 180 },
			{ "model": "techreborn:block/leaves/rubber_leaves_0a", "weight":5, "y": 270 },
			{ "model": "techreborn:block/leaves/rubber_leaves_0b", "y": 270 },
			{ "model": "techreborn:block/leaves/rubber_leaves_0c", "y": 270 },
			{ "model": "techreborn:block/leaves/rubber_leaves_0d", "y": 270 },
			{ "model": "techreborn:block/leaves/rubber_leaves_1a", "weight":5, "y": 270 },
			{ "model": "techreborn:block/leaves/rubber_leaves_1b", "y": 270 },
			{ "model": "techreborn:block/leaves/rubber_leaves_1c", "y": 270 },
			{ "model": "techreborn:block/leaves/rubber_leaves_1d", "y": 270 }
		]
    }
}
